PLAYER_ID,PLAYER_NAME,POSITION,STANDING_VERTICAL_LEAP,MAX_VERTICAL_LEAP,LANE_AGILITY_TIME,MODIFIED_LANE_AGILITY_TIME,THREE_QUARTER_SPRINT,BENCH_PRESS
203500,Steven Adams,C,28.5,33.0,11.85,3.02,3.4,16
203505,Vander Blue,SG,28.0,37.5,10.4,2.7,3.14,4
203485,Lorenzo Brown,PG,28.0,34.0,11.78,3.24,3.4,8
203493,Reggie Bullock,SG-SF,31.0,36.5,11.33,3.3,3.31,11
203504,Trey Burke,PG,29.5,36.5,11.2,3.01,3.16,3
203484,Kentavious Caldwell-Pope,SG,29.0,34.5,10.6,3.2,3.12,7
203477,Isaiah Canaan,PG,33.0,40.5,10.98,2.89,3.22,16
203478,Jackie Carmichael,PF,30.0,32.0,11.83,3.07,3.35,13
203487,Michael Carter-Williams,PG,31.5,41.0,10.68,3.7,3.22,8
12524,Will Clyburn,SF-SG,28.0,34.5,11.68,3.12,3.38,3
203496,Robert Covington,SF-PF,29.5,36.0,11.69,3.1,3.34,9
203459,Allen Crabbe,SG,30.5,36.0,10.67,3.1,3.32,10
203552,Seth Curry,SG,,,,,,
203561,Brandon Davies,PF,26.0,31.5,11.22,3.14,3.5,7
203473,Dewayne Dedmon,C,28.0,32.5,12.75,3.26,3.4,8
203476,Gorgui Dieng,C,,,,,,
203516,James Ennis,SF,29.5,36.5,11.55,3.06,3.4,7
203467,Carrick Felix,SF-SG,32.0,38.5,11.16,3.09,3.25,15
203479,Jamaal Franklin,SG-SF,,,,,,
203497,Rudy Gobert,C,25.0,29.0,12.85,3.19,3.57,7
203462,Archie Goodwin,SG,30.0,36.0,10.75,3.41,3.27,1
203475,Erick Green,PG,,,,,,5
203501,Tim Hardaway Jr.,SG,31.5,37.5,10.68,2.93,3.25,16
203524,Solomon Hill,SF,29.5,37.5,10.77,2.91,3.19,14
203494,Richard Howell,PF,,,,,,
203470,Colton Iverson,C,26.5,30.0,11.52,3.04,3.52,12
203510,Pierre Jackson,PG,,,,,,
203511,Grant Jerrett,PF,28.5,34.0,11.85,3.23,3.51,2
203509,Myck Kabongo,PG,27.5,33.5,10.64,2.86,3.44,2
203483,Kenny Kadji,PF-C,34.0,38.0,11.47,2.88,3.44,9
203527,Ryan Kelly,PF,,,,,,
203499,Shane Larkin,PG,34.5,44.0,10.64,3.03,3.08,12
203495,Ricky Ledo,SG,27.0,33.5,10.72,3.16,3.32,4
203458,Alex Len,C,,,,,,
203466,CJ Leslie,PF-SF,32.5,40.5,10.19,2.79,3.1,
203522,Trevor Mbakwe,PF,30.0,36.5,12.01,2.97,3.32,21
203492,Ray McCallum,PG,30.5,40.0,10.82,3.08,3.25,5
203468,CJ McCollum,PG-SG,32.0,38.5,11.02,2.91,3.32,13
203463,Ben McLemore,SG,32.5,42.0,11.87,3.11,3.27,6
203502,Tony Mitchell,PF-SF,33.5,38.0,11.82,3.25,3.52,13
203498,Shabazz Muhammad,SF-SG,29.5,37.0,10.99,2.93,3.32,10
203513,Erik Murphy,PF,24.5,29.5,12.19,2.96,3.57,13
203488,Mike Muscala,C-PF,28.0,33.5,11.76,2.99,3.44,5
203457,Nerlens Noel,C,,,,,,
203506,Victor Oladipo,SG,33.0,42.0,10.69,3.14,3.25,15
203482,Kelly Olynyk,PF-C,24.5,29.5,11.42,2.99,3.59,5
203464,Brandon Paul,SG,33.5,39.5,11.16,2.9,3.37,15
203658,Norvel Pelle,PF-C,31.0,34.5,11.49,3.2,3.32,0
203486,Mason Plumlee,C-PF,30.5,36.0,10.89,2.76,3.29,14
203490,Otto Porter,SF,27.0,36.0,11.25,3.06,3.4,9
203515,Phil Pressey,PG,33.0,38.5,10.86,3.02,3.13,7
203318,Glen Rice,SF-SG,33.0,40.5,10.99,3.08,3.25,10
203460,Andre Roberson,PF-SF,30.0,36.5,11.36,3.02,3.34,10
203471,Dennis Schroder,PG,30.0,34.0,11.09,2.86,3.21,1
203491,Peyton Siva,PG,33.5,41.5,10.59,2.93,3.16,15
203503,Tony Snell,SF-SG,30.0,36.5,11.36,2.84,3.25,7
203480,James Southerland,SF-PF,29.0,32.0,10.9,3.03,3.38,5
203519,Adonis Thomas,SF,34.5,40.5,11.64,3.11,3.32,13
203472,Deshaun Thomas,SF,28.5,32.0,12.94,3.38,3.53,5
203481,Jeff Withey,C,26.5,29.0,12.49,3.29,3.47,10
203489,Nate Wolters,PG,,,,,,8
203523,BJ Young,SG-PG,,,,,,
203469,Cody Zeller,C-PF,35.5,37.5,10.82,2.69,3.15,17
203919,Jordan Adams,SG,24.5,29.5,12.13,3.05,3.5,
203937,Kyle Anderson,SF,,,,,,
203648,Thanasis Antetokounmpo,SF,31.5,39.5,11.39,3.05,3.18,
203947,Jordan Bachynski,PF,29.0,33.0,12.15,3.03,3.36,
203946,Cameron Bairstow,PF,31.0,33.5,11.39,3.09,3.37,
203920,Khem Birch,PF,30.5,35.5,11.6,3.24,3.26,
203938,Alec Brown,PF,27.0,30.0,12.05,2.91,3.48,
203900,Markel Brown,SG,36.5,43.5,12.62,2.9,3.18,
203913,Jabari Brown,SG,28.0,32.0,11.6,3.26,3.5,
203907,Deonte Burton,PG,29.0,39.5,11.28,3.08,3.28,
203902,Semaj Christon,PG,30.5,36.5,11.55,3.21,3.32,
203903,Jordan Clarkson,PG,33.0,38.5,10.76,2.98,3.28,
203905,Aaron Craft,PG,29.0,32.0,10.78,2.9,3.26,
203908,DeAndre Daniels,SF,26.5,32.0,11.46,3.04,3.44,
203915,Spencer Dinwiddie,PG,,,,,,
203921,Cleanthony Early,SF,34.0,40.0,11.15,2.96,3.18,
203929,Melvin Ejim,SF,29.5,35.0,11.55,3.12,3.14,
203898,Tyler Ennis,PG,29.0,36.0,11.12,2.84,3.3,
203957,Dante Exum,SG,31.5,34.5,10.75,2.88,3.19,
203927,C.J. Fair,SF,27.0,35.0,11.0,3.06,3.32,
203932,Aaron Gordon,PF,32.5,39.0,10.81,2.76,3.27,
203924,Jerami Grant,SF,,,,,,
203798,P.J. Hairston,SG,32.0,37.0,11.12,,3.32,
203914,Gary Harris,SG,,,,,,
203925,Joe Harris,SG,28.5,33.5,11.11,2.92,3.31,
203918,Rodney Hood,SF,29.0,36.0,11.21,3.14,3.38,
203928,Cory Jefferson,PF,33.0,37.5,12.63,3.39,3.36,
203910,Nick Johnson,SG,33.5,41.5,10.8,2.95,3.27,
203930,Sean Kilpatrick,SG,,,,,,
203945,Alex Kirk,PF,28.5,31.5,11.2,3.19,3.48,
203897,Zach LaVine,PG,33.5,41.5,10.42,2.8,3.19,
203906,Devyn Marble,SG,29.0,35.0,11.32,3.08,3.28,
203949,James McAdoo,PF,29.5,34.0,11.61,2.91,3.28,
203909,K.J. McDaniels,SF,33.0,37.0,12.71,3.2,3.1,
203926,Doug McDermott,SF,28.5,36.5,11.1,3.15,3.29,
203895,Jordan McRae,SG,27.5,34.5,11.07,3.15,3.39,
203894,Shabazz Napier,PG,30.5,37.5,11.6,3.13,3.2,
203948,Johnny O?Bryant III,PF,31.0,35.5,11.57,3.32,3.45,
203934,Lamar Patterson,SG,27.5,32.5,11.63,3.13,3.45,
203940,Adreian Payne,PF,,,,,,
203901,Elfrid Payton,PG,31.5,35.5,11.06,2.92,3.23,
203939,Dwight Powell,PF,28.5,35.0,11.28,2.88,3.2,
203944,Julius Randle,PF,29.0,35.5,11.45,3.14,3.27,
203922,Glenn Robinson III,SF,36.5,41.5,11.22,3.04,3.15,
203941,LaQuinton Ross,SF,25.0,31.0,11.97,3.52,3.44,
203935,Marcus Smart,PG,33.0,36.0,10.82,2.96,3.26,
203893,Russ Smith,PG,29.5,34.0,11.57,3.01,3.27,
203917,Nik Stauskas,SG,29.0,35.5,10.79,2.92,3.27,
203950,Jarnell Stokes,PF,31.0,36.0,11.92,3.2,3.26,
203904,Xavier Thames,PG,29.0,32.5,11.48,3.02,3.48,
203943,Noah Vonleh,PF,31.0,37.0,11.45,3.29,3.28,
203933,T.J. Warren,SF,27.0,35.5,11.1,3.04,3.26,
203912,C.J. Wilcox,SG,31.0,37.5,11.3,2.92,3.22,
203899,Kendall Williams,PG,27.0,33.0,10.83,2.85,,
203942,Patric Young,PF,32.0,37.5,11.18,3.06,3.43,
203923,James Young,SG,28.0,35.5,,,,
1626146,Cliff Alexander,PF-C,,,,,,
1626147,Justin Anderson,SF-SG,38.0,43.0,11.13,2.88,3.22,12
1626165,Brandon Ashley,PF,31.5,35.5,11.21,3.35,3.58,9
1626207,Ryan Boatright,PG,32.0,41.0,10.71,3.05,3.26,10
1626164,Devin Booker,SG,27.5,34.5,10.27,2.75,3.28,8
1626148,Anthony Brown,SF-SG,27.5,34.5,10.94,3.29,3.18,4
1626161,Willie Cauley-Stein,C,,,,,,
1626176,Rakeem Christmas,PF-C,29.0,32.0,11.6,3.3,3.47,9
1626192,Pat Connaughton,SG,37.5,44.0,10.58,3.08,3.2,13
1626188,Quinn Cook,PG,24.5,31.0,11.44,3.41,3.38,14
1626183,Branden Dawson,PF,28.5,34.5,12.22,3.53,3.2,12
1626155,Sam Dekker,SF,25.5,34.5,10.64,2.96,3.28,5
1626187,Michael Frazier II,SG,27.0,35.0,10.66,3.02,3.32,10
1626203,Treveon Graham,SF,28.5,31.5,11.64,3.15,3.3,11
1626170,Jerian Grant,PG,,,,,,
1626152,Olivier Hanlan,PG-SG,28.0,34.0,11.41,3.12,3.25,19
1626149,Montrezl Harrell,PF,,,,,,
1626150,Andrew Harrison,PG,26.5,33.0,11.2,,3.34,
1626151,Aaron Harrison,SG,28.5,34.5,,,3.27,1
1626227,Tyler Harvey,SG,26.0,28.5,10.56,2.93,3.44,1
1626186,Corey Hawkins,SG-PG,28.5,34.0,10.81,,3.51,9
1626178,Rondae Hollis-Jefferson,SF,32.0,38.0,10.41,3.19,3.12,13
1626158,Richaun Holmes,PF,32.5,36.0,11.24,3.31,3.32,15
1626182,Jonathan Holmes,PF-SF,25.5,31.0,10.95,3.12,3.51,
1626154,R.J. Hunter,SG,27.5,33.5,10.87,2.91,3.26,1
1626205,Vince Hunter,PF,33.5,37.5,11.19,3.06,3.26,13
1626177,Dakari Johnson,C,22.5,25.0,11.76,2.94,3.62,4
1626169,Stanley Johnson,SF,,,,,,
1626145,Tyus Jones,PG,26.5,32.5,11.84,2.95,3.32,2
1626163,Frank Kaminsky,C-PF,,,,,,
1626172,Kevon Looney,PF,,,,,,
1626168,Trey Lyles,PF,,,,,,
1626185,Jarell Martin,PF,28.5,35.0,11.2,2.97,3.27,19
204456,TJ McConnell,PG,26.0,31.5,10.95,3.09,3.3,7
1626191,Chris McCullough,PF,,,,,,
1626175,Jordan Mickey,PF,33.0,37.5,11.72,3.13,3.28,9
2006,Larry Nance,PF,29.0,37.5,10.93,3.01,3.25,10
1626162,Kelly Oubre,SF-SG,34.5,37.0,11.09,3.12,3.32,7
1626166,Cameron Payne,PG,29.75,35.5,10.9,2.93,3.28,0
1626189,Terran Petteway,SG,25.0,31.0,10.91,3.1,3.32,15
1626171,Bobby Portis,PF,25.0,31.5,11.78,3.28,3.56,5
1626181,Norman Powell,SG,32.5,40.5,10.69,3.2,3.2,5
1626180,Michael Qualls,SG-SF,34.0,39.5,11.88,,3.18,9
1626184,Chasson Randle,PG,33.5,39.5,10.63,2.81,3.2,6
1626179,Terry Rozier,PG-SG,33.0,38.0,10.84,2.84,3.15,7
1626156,D?Angelo Russell,PG-SG,,,,,,
1626208,Keifer Sykes,PG,34.0,43.0,10.47,3.15,3.13,8
1626194,Marcus Thornton,PG-SG,34.5,43.0,10.78,2.88,3.02,3
1626160,J.P. Tokoto,SF-SG,34.5,40.0,10.97,3.2,3.27,12
1626167,Myles Turner,C-PF,,,,,,
1626193,Robert Upshaw,C,,,,,,
1626173,Rashad Vaughn,SG,28.0,34.0,11.4,3.1,3.21,5
1626217,Chris Walker,PF,30.5,37.0,11.25,3.41,3.35,6
1627361,Dez Wells,SG,31.5,39.0,10.56,3.05,3.2,15
1626210,Alan Williams,PF,25.5,28.5,12.26,3.54,3.5,8
1626159,Justise Winslow,SF,,,,,,
1626174,Christian Wood,PF,,,,,,
1626153,Delon Wright,PG,29.5,31.0,11.16,3.5,3.29,4
1627758,Ron Baker,SG,30.0,35.5,10.77,2.96,3.45,
1627735,Wade Baldwin IV,PG,32.5,38.0,10.45,3.01,3.19,
1627760,Cat Barber,PG,,,,,,
1627736,Malik Beasley,SG,,,,,,
1627761,DeAndre Bembry,SG-SF,32.0,38.0,10.9,2.87,3.17,
1627791,Ben Bentil,PF,29.0,33.0,11.16,3.1,3.3,
1628417,Jaron Blossomgame,SF,35.0,41.0,11.53,3.26,3.2,
1627762,Joel Bolomboy,PF,37.5,40.5,10.26,2.86,3.17,
1627763,Malcolm Brogdon,SG,30.5,35.5,10.77,2.64,3.31,
1627759,Jaylen Brown,SG-SF,,,,,,
1627737,Marquese Chriss,PF,32.5,38.5,11.93,3.05,3.26,
1627765,Elgin Cook,SF,,,,,,
1627766,Isaiah Cousins,PG,30.5,37.0,10.79,2.97,3.24,
1627738,Deyonta Davis,PF,,,,,,
1627767,Cheick Diallo,PF,31.0,35.0,11.24,3.3,3.26,
1627739,Kris Dunn,PG,,,,,,
1627740,Henry Ellenson,PF,,,,,,
1627768,Perry Ellis,PF,32.0,38.0,10.73,3.03,3.13,
1627770,Kay Felder,PG,35.5,44.0,11.52,2.9,3.15,
1627827,Dorian Finney-Smith,SF,32.5,35.5,11.01,3.04,3.27,
1627771,Michael Gbinije,SG,33.5,37.5,11.0,3.19,3.12,
1627772,Daniel Hamilton,SG-SF,26.0,29.0,11.48,3.2,3.4,
1628404,Josh Hart,SG,29.5,38.5,11.15,3.15,3.2,
1628502,Nigel Hayes,SF-PF,25.5,28.5,12.11,2.9,3.2,
1627741,Buddy Hield,SG,,,,,,
204211,Justin Jackson,SF,29.5,34.5,11.32,2.96,3.26,
1627743,Demetrius Jackson,PG,37.5,43.5,10.81,2.87,3.25,
1627744,Brice Johnson,PF,33.5,38.0,11.88,2.94,3.2,
1627745,Damian Jones,C,36.0,37.0,11.35,3.12,3.2,
1627746,Skal Labissiere,PF-C,,,,,,
1627774,Jake Layman,SF,33.0,39.5,11.35,2.82,3.24,
1627747,Caris LeVert,SG,,,,,,
1629159,Marcus Lee,PF-C,28.5,35.5,11.68,3.19,3.25,
1627748,Thon Maker,PF,32.0,36.5,11.15,3.09,3.33,
1627775,Patrick McCaw,PG-SG,30.0,38.0,11.01,2.97,3.3,
1629005,Malik Newman,SG,30.0,35.5,10.88,3.11,3.28,
1627777,Georges Niang,PF,25.0,31.0,11.64,3.17,3.49,
1627778,Chinanu Onuaku,C,27.5,33.5,11.65,3.0,3.5,
1627779,Marcus Paige,PG,33.5,39.5,10.82,2.69,3.15,
1627780,Gary Payton II,PG,31.5,38.5,11.57,3.17,3.23,
1627751,Jakob Poeltl,C,,,,,,
1627752,Taurean Prince,SF,34.0,36.0,10.96,2.8,3.24,
1627753,Zhou Qi,PF-C,31.5,32.0,11.27,2.9,3.46,
1627781,Malachi Richardson,SG-SF,33.0,38.0,10.56,3.25,3.33,
1627782,Wayne Selden,SG,,,,,,
1627783,Pascal Siakam,PF,30.5,36.5,11.25,3.09,3.41,
1627754,Diamond Stone,C,27.0,29.5,12.02,3.22,3.5,
1628403,Caleb Swanigan,PF,26.0,29.0,12.8,,,
1628453,Melo Trimble,PG,26.5,35.5,10.57,2.77,3.2,
1627755,Tyler Ulis,PG,32.5,38.0,10.8,2.88,3.2,
1627784,Jarrod Uthoff,PF,29.0,34.5,11.52,3.03,3.5,
1627756,Denzel Valentine,SG-SF,27.0,32.0,10.51,3.22,3.46,
1627785,Isaiah Whitehead,PG-SG,27.5,35.5,11.65,3.21,3.34,
1627786,Troy Williams,SF,30.0,36.0,10.72,3.08,3.35,
1627787,Kyle Wiltjer,PF,28.5,35.5,11.35,3.04,3.48,
1627757,Stephen Zimmerman,C,26.0,31.0,12.08,3.16,3.43,
1628389,Edrice Adebayo,PF-C,33.5,38.5,11.94,3.24,3.24,12
1628959,Rawle Alkins,SG-SF,31.5,40.5,11.99,3.18,3.3,7
1628386,Jarrett Allen,C,31.5,35.5,11.82,3.0,3.21,4
1628443,Kadeem Allen,PG,33.0,35.5,11.24,2.98,3.15,7
1628387,Ike Anigbogu,C,29.5,32.5,12.52,3.48,3.44,11
1628384,OG Anunoby,SF,,,,,,
1628503,Jamel Artis,SG-SF,23.5,31.0,11.62,3.08,3.44,5
1628407,Dwayne Bacon,SG-SF,30.0,36.5,11.7,3.22,3.22,8
1628431,V.J. Beachem,SG-SF,30.0,37.0,11.18,3.19,3.26,11
1628395,Jordan Bell,PF,31.5,38.0,10.63,2.83,3.21,16
1628417,Jaron Blossomgame,SF,31.0,35.5,11.47,3.35,3.17,16
1628449,Chris Boucher,PF,,,,,,
1628396,Tony Bradley,C,24.5,27.5,11.79,2.99,3.44,5
1628515,Isaiah Briscoe,PG,28.0,33.5,10.95,2.85,3.38,11
1628415,Dillon Brooks,SG-SF,31.0,37.5,11.14,3.24,3.21,16
1628418,Thomas Bryant,PF-C,25.5,33.0,11.42,3.12,3.37,7
1628380,Zach Collins,PF-C,,,,,,
1628381,John Collins,PF,33.0,37.5,11.66,3.27,3.27,15
1628977,Hamidou Diallo,SG-SF,34.5,44.5,10.88,2.79,3.11,0
1628416,Tyler Dorsey,SG,30.5,36.0,10.55,2.98,3.16,8
1628422,Damyean Dotson,SG-SF,31.5,38.0,11.18,3.03,3.13,13
1628408,PJ Dozier,SG,34.0,39.0,10.84,2.98,3.15,9
1628393,Jawun Evans,PG,27.5,33.5,11.34,3.26,3.21,1
1628390,Terrance Ferguson,SG-SF,28.5,38.0,11.16,3.22,3.32,
1628368,De?Aaron Fox,PG,,,,,,
1628365,Markelle Fultz,PG,,,,,,
1628385,Harry Giles,PF,27.0,32.5,11.08,3.0,3.34,5
1628404,Josh Hart,SG-SF,27.5,35.5,11.15,3.02,3.18,9
1628502,Nigel Hayes,PF,29.0,33.5,11.81,2.94,3.27,16
1628439,Isaiah Hicks,PF,31.5,37.0,12.31,3.31,3.36,11
1628411,Wesley Iwundu,SG-SF,31.5,36.0,11.25,3.23,3.36,5
1628402,Frank Jackson,PG,34.5,42.0,10.94,2.7,3.14,9
1628992,Justin Jackson (UMD),SF,26.5,31.5,11.78,3.08,3.43,
1628382,Justin Jackson (UNC),SF,29.5,35.5,10.8,3.06,3.3,
1628514,Peter Jok,SG-SF,26.5,31.0,11.34,2.93,3.41,
1628379,Luke Kennard,SG-SF,,,,,,
1628398,Kyle Kuzma,SF-SG,27.0,34.0,10.72,2.98,3.25,12
1628388,TJ Leaf,PF,29.0,34.5,11.55,3.27,3.27,6
1628399,Tyler Lydon,PF,29.5,33.5,11.68,2.81,3.46,1
1628412,Frank Mason III,PG,34.0,41.0,11.41,3.09,3.18,15
1628452,Kennedy Meeks,C,28.0,30.5,12.91,3.35,3.5,15
1628378,Donovan Mitchell,SG,36.5,40.5,11.53,3.07,3.01,10
1628420,Monte Morris,PG,28.0,33.5,11.0,3.2,3.19,8
1628405,Johnathan Motley,PF,,,,,,
1629004,Svi Mykhailiuk,SG-SF,27.0,33.0,12.4,3.25,3.53,8
1628400,Semi Ojeleye,SF-SG,35.0,40.5,10.58,3.07,3.16,19
1628419,Cameron Oliver,PF,28.0,39.5,12.17,3.31,3.16,5
1628383,Justin Patton,C,26.0,30.5,11.8,3.31,3.46,
1628409,Alec Peters,PF,,,,,,
1628397,Ivan Rabb,PF,28.5,32.5,12.68,3.23,3.35,3
1628432,Davon Reed,SG-SF,28.5,36.0,11.37,3.21,3.34,12
1628421,Devin Robinson,SF,35.5,41.5,12.85,3.61,3.23,10
1628424,Kobi Simmons,PG,30.5,38.5,11.15,2.98,3.18,3
1628410,Edmond Sumner,PG,,,,,,
1628403,Caleb Swanigan,PF,,,,,,
1628414,Sindarius Thornwell,SG-SF,27.0,30.5,11.48,3.03,3.36,15
1628453,Melo Trimble,PG,24.5,32.0,10.75,2.92,3.27,6
1629021,Moritz Wagner,PF,25.5,32.5,12.0,2.98,3.35,
1628476,Derrick Walton Jr.,PG,26.0,32.5,11.28,3.12,3.29,9
1629118,Thomas Welsh,PF-C,,,,,,11
1628401,Derrick White,PG,31.0,36.5,10.84,2.92,3.08,10
1628430,Nigel Williams-Goss,PG,27.5,34.5,10.42,3.08,3.19,10
1628391,D.J. Wilson,PF,,,,,,
1962937123,Omer Yurtseven,C,26.0,31.5,12.85,3.3,3.45,6
1628959,Rawle Alkins,SG,32.5,40.5,11.5,3.09,3.15,10
1628960,Grayson Allen,SG,32.5,40.5,10.31,3.04,3.15,
1628961,Kostas Antetokounmpo,PF,29.5,35.0,12.48,3.48,3.21,0
1628962,Udoka Azubuike,C,31.0,31.5,12.97,3.65,3.12,11
1628964,Mohamed Bamba,C,,,,,,
1628965,Jaylen Barford,PG-SG,27.0,33.0,11.39,3.21,3.31,7
1628966,Keita Bates-Diop,SG-SF,30.5,35.0,11.2,3.28,3.17,11
1628967,Tyus Battle,SG,32.0,37.5,11.04,2.87,3.07,9
1628968,Brian Bowen,SG-SF,30.5,34.0,11.58,3.33,3.28,0
1628970,Miles Bridges,SF,,,,,,
1628971,Bruce Brown,SG-PG,32.5,38.0,11.11,3.44,3.2,17
1628972,Troy Brown,SF,26.0,33.0,11.51,3.29,3.33,5
1628973,Jalen Brunson,PG,29.0,37.0,10.59,3.11,3.15,7
1628974,Tony Carr,PG,25.0,31.5,11.89,3.4,3.17,0
1628975,Jevon Carter,PG,29.0,36.5,11.04,3.05,3.18,14
1628976,Wendell Carter,C-PF,,,,,,
1628978,Donte DiVincenzo,SG,34.5,42.0,10.72,3.12,3.11,12
1628977,Hamidou Diallo,SG,32.5,40.5,10.53,3.14,3.1,1
1628979,Trevon Duval,PG,34.0,41.5,10.93,3.09,3.18,6
1629035,Carsen Edwards,PG,28.5,34.5,11.59,3.15,3.2,12
1629037,Keenan Evans,PG,,,,,,
1628980,Jacob Evans,SG-SF,28.0,35.5,11.11,3.14,3.2,8
1628981,Bruno Fernando,C,29.0,35.0,12.19,3.03,3.23,11
1628982,Melvin Frazier,SF-SG,31.0,40.5,11.24,3.08,3.08,0
1628983,Shai Gilgeous-Alexander,PG,,,,,,
1628984,Devonte Graham,PG,31.0,37.0,11.28,3.15,3.21,14
1629036,Isaac Haas,C,,,,,,
1628985,Devon Hall,SG,25.0,31.0,10.95,3.16,3.27,6
1628986,Jaylen Hands,PG,31.5,39.5,12.11,3.16,3.13,6
1628987,Kevin Hervey,PF,27.5,32.0,11.28,3.15,3.36,4
1628988,Aaron Holiday,PG,25.5,33.0,10.96,3.22,3.27,
1628989,Kevin Huerter,SG,31.0,38.0,10.89,2.97,3.09,9
1628991,Jaren Jackson,PF-C,,,,,,
1628992,Justin Jackson,PF,,,,,,
1628993,Alize Johnson,PF,25.0,31.0,11.83,3.28,3.38,8
1628994,George King,SF-SG,31.0,39.0,10.75,3.08,3.29,15
1628995,Kevin Knox,SF,,,,,,
1628996,Sagaba Konate,C,31.5,35.0,12.28,3.36,3.28,12
1628997,Caleb Martin,SF-SG,29.0,36.5,10.43,2.75,3.26,6
1628998,Cody Martin,SG-SF,29.0,36.5,10.64,3.05,3.09,4
1628999,Yante Maten,PF-C,27.0,31.5,11.35,3.13,3.17,18
1629000,Brandon McCoy,C,27.5,32.0,11.77,3.31,3.23,9
1629001,DeAnthony Melton,SG-PG,31.0,36.5,11.48,3.33,3.23,1
1629002,Chimezie Metu,PF-C,29.5,36.0,11.89,3.25,3.33,5
1629003,Shake Milton,SG-PG,30.0,33.0,11.07,3.19,3.25,2
1629004,Sviatoslav Mykhailiuk,SG-SF,30.5,37.0,11.25,3.18,3.15,4
1629005,Malik Newman,SG,27.5,33.5,10.9,3.18,3.13,
1629006,Josh Okogie,SG,33.0,42.0,11.08,3.03,3.04,12
1629033,Theo Pinson,SG-SF,27.0,34.0,11.53,3.11,3.22,7
1629007,Jontay Porter,C-PF,25.5,31.0,11.9,3.07,3.4,9
1629008,Michael Porter,SF-PF,,,,,,
1629009,Billy Preston,PF,25.0,33.0,11.26,3.35,3.2,0
1629010,Jerome Robinson,SG,,,,,,
1629012,Collin Sexton,PG,,,,,,
1629013,Landry Shamet,PG,31.0,39.5,11.26,3.21,3.11,8
1629014,Anfernee Simons,SG-PG,32.0,41.5,11.27,3.16,3.1,1
1629015,Zhaire Smith,SF-SG,33.0,41.5,11.02,3.15,3.05,10
1629034,Ray Spalding,PF,26.0,32.0,11.48,3.2,3.34,12
1629016,Omari Spellman,PF-C,28.5,35.5,12.28,3.35,3.38,8
1629017,Khyri Thomas,SG,30.0,35.0,10.96,3.18,3.18,14
1629018,Gary Trent,SG,33.5,39.5,11.37,2.99,3.12,12
1629019,Allonzo Trier,SG,32.0,40.0,11.02,2.97,3.14,11
1629021,Moritz Wagner,C-PF,27.0,34.0,11.48,3.07,3.18,8
1629022,Lonnie Walker,SG,31.5,40.0,10.87,2.91,3.06,12
1629023,PJ Washington,PF,27.0,34.0,11.39,3.43,3.2,3
1629024,Austin Wiley,C,28.0,33.5,12.79,3.27,3.3,14
1629025,Kris Wilkes,SF,28.0,35.5,11.29,3.16,3.24,1
1629026,Kenrich Williams,SF,28.0,33.0,10.86,3.28,3.19,14
1629027,Trae Young,PG,,,,,,
1629638,Nickeil Alexander-Walker,SG,,,,,,
1629628,RJ Barrett,SF,,,,,,
1629646,Charles Bassey,C,29.0,33.0,12.65,3.27,3.53,7
1629647,Darius Bazley,PF,30.5,37.0,11.09,2.95,3.27,4
1629626,Bol Bol,C,,,,,,
1629648,Jordan Bone,SG,36.0,42.5,9.97,2.78,3.08,7
1628968,Brian Bowen II,SF,32.0,35.5,10.98,3.21,3.26,1
1629065,Ky Bowman,PG,27.5,33.0,11.11,3.11,3.26,4
1629649,Ignas Brazdeikis,SF,31.0,36.5,11.06,3.17,3.36,13
1629052,O'Shae Brissett,SF-PF,34.0,37.5,11.3,3.18,3.48,11
1629650,Moses Brown,C,27.0,31.0,11.95,3.3,3.51,
1629634,Brandon Clarke,SF,34.0,40.5,10.61,3.05,3.15,10
1629651,Nicolas Claxton,C,31.5,36.5,11.26,3.47,3.36,8
1629076,Tyler Cook,PF,27.5,32.0,11.32,3.1,3.28,11
1629633,Jarrett Culver,SG,,,,,,
1629056,Terence Davis,SG,29.5,34.0,10.69,2.96,3.28,13
1629652,Luguentz Dort,PG,32.5,38.0,10.79,3.13,3.22,14
1629653,Devon Dotson,PG,30.0,38.5,10.63,2.8,3.04,7
1629654,Carsen Edwards,PG,28.5,34.0,10.53,2.82,3.22,14
1629605,Tacko Fall,C,22.0,26.5,13.01,3.46,3.78,8
1628981,Bruno Fernando,C,29.5,33.5,11.29,3.05,3.21,13
1629655,Daniel Gafford,PF,32.5,36.5,11.61,3.19,3.25,5
1629636,Darius Garland,PG,,,,,,
1629656,Quentin Grimes,SG,27.5,36.0,10.83,3.28,3.2,6
1629657,Kyle Guy,SG,30.5,36.5,10.48,3.07,3.27,4
1628986,Jaylen Hands,PG,33.0,41.5,10.73,3.03,3.12,6
1629607,Jared Harper,PG,33.5,40.5,10.77,3.02,3.04,8
1629637,Jaxson Hayes,PF,27.0,34.5,11.74,3.23,3.37,5
1629608,Dewan Hernandez,C,30.5,35.5,11.46,3.25,3.28,13
1629639,Tyler Herro,SG,,,,,,
1629658,Jalen Hoard,PF,27.5,35.5,11.44,3.32,3.34,8
1629659,Talen Horton-Tucker,SG,26.0,34.5,11.34,3.43,3.34,10
1629631,De'Andre Hunter,,,,,,,
1629610,DaQuan Jeffries,SF-PF,,,,,,
1629660,Ty Jerome,PG,26.0,31.5,11.21,3.12,3.4,2
1629640,Keldon Johnson,SG,,,,,,
1629661,Cameron Johnson,SG,30.5,36.5,10.52,3.28,3.26,
1629662,Mfiondu Kabengele,PF,28.0,35.5,11.21,3.3,3.25,6
1629663,Louis King,SF,29.0,33.0,10.99,3.05,3.28,0
1629641,Romeo Langford,SG,,,,,,
1629664,Dedric Lawson,PF,23.5,26.0,11.8,3.54,3.6,10
1629665,Jalen Lecque,PG,35.0,43.0,11.09,3.3,3.29,1
1629642,Nassir Little,SF,31.0,38.5,12.15,3.1,3.24,5
1629611,Terance Mann,SG-SF,32.5,38.5,11.51,3.14,3.3,6
1628998,Cody Martin,PG-SG,28.0,35.5,10.44,2.99,3.32,7
1629666,Charles Matthews,SG,29.5,37.5,11.26,3.24,3.38,9
1629667,Jalen McDaniels,SF,29.5,33.5,11.54,3.23,3.32,0
1629630,Ja Morant,PG,,,,,,
1629668,Zach Norvell Jr.,SG,24.0,30.0,11.6,3.34,3.43,
1629669,Jaylen Nowell,SG,32.0,38.5,10.76,3.13,3.23,2
1629670,Jordan Nwora,PF,,,,,,
1629643,Chuma Okeke,,,,,,,
1629644,KZ Okpala,SF,30.5,37.0,10.88,3.13,3.38,9
1629671,Miye Oni,SG,30.5,38.5,11.71,3.12,3.17,19
1629672,Eric Paschall,SF,33.0,38.0,11.63,3.26,3.3,18
1629617,Reggie Perry,SF-PF,28.5,31.5,12.46,3.4,3.3,15
1629044,Shamorie Ponds,PG,29.0,37.0,11.01,3.07,3.2,0
1629673,Jordan Poole,SG,28.0,35.5,10.59,3.14,3.27,
1629007,Jontay Porter,PF,,,,,,
1629645,Kevin Porter Jr.,SG,27.0,34.0,10.82,3.03,3.14,2
1629674,Neemias Queta,C,24.0,32.5,12.04,3.45,3.73,1
1629629,Cameron Reddish,SF,,,,,,
1629675,Naz Reid,PF,26.0,32.5,12.03,3.76,3.42,3
1629676,Isaiah Roby,PF,32.5,35.5,10.63,3.05,3.25,9
1629677,Luka Samanic,PF,27.0,38.0,11.01,3.03,3.27,7
1629678,Admiral Schofield,SF,30.0,34.0,10.77,2.87,3.37,15
1629621,Marial Shayok,SF-PF,29.5,36.5,11.16,3.04,3.37,9
1629679,Simisola Shittu,PF,27.0,35.5,11.85,3.24,3.3,11
1629681,Killian Tillie,,,,,,,
1629023,P.J. Washington,PF,,,,,,
1629682,Tremont Waters,PG,30.5,40.5,10.76,3.11,3.07,5
1629683,Quinndary Weatherspoon,SG,31.0,38.0,11.57,3.15,3.16,
1629632,Coby White,PG,,,,,,
1629025,Kris Wilkes,SF,27.5,35.0,10.39,3.09,3.34,4
1629684,Grant Williams,PF,26.0,31.5,10.83,3.27,3.33,20
1629627,Zion Williamson,PF,,,,,,
1629685,Dylan Windler,SF,29.0,37.5,10.7,2.94,3.3,8
1630173,Precious Achiuwa,PF,,,,,,
1630234,Ty-Shon Alexander,SG,28.0,33.0,11.33,2.47,3.26,
1628962,Udoka Azubuike,C,37.0,41.0,11.82,3.61,3.23,
1630189,Tyler Bey,PF,37.0,43.5,11.35,2.75,3.17,
1630213,Yoeli Childs,PF,34.0,38.5,10.87,2.42,3.22,
1629603,Mamadi Diakite,PF,28.0,37.0,11.95,2.71,3.16,
1629653,Devon Dotson,PG,31.5,40.5,10.44,2.22,3.02,
1630220,Paul Eboua,SF-PF,33.0,35.5,10.79,2.44,3.19,
1629604,CJ Elleby,SG-SF,30.5,36.5,11.25,2.63,3.25,
1630235,Trent Forrest,PG,28.0,34.5,11.04,2.5,3.18,
1630182,Josh Green,SG-SF,30.5,39.5,10.64,2.28,3.12,
1630204,Ashton Hagans,PG,29.5,36.5,10.82,2.5,3.13,
1630221,Joshua Hall,SF,31.5,37.5,12.16,2.62,3.38,
1630223,Jalen Harris,SG,37.5,42.5,10.59,2.49,3.11,
1630210,Markus Howard,PG,30.5,35.5,11.21,3.17,3.11,
1630190,Elijah Hughes,SF-SG,,,,,,
1630198,Isaiah Joe,SG,,,,,,
1630222,Mason Jones,SG,24.0,31.0,10.6,2.49,3.33,
1630233,Nathan Knight,PF-C,23.0,31.5,11.56,2.96,3.31,
1630177,Theo Maledon,PG,,,,,,
1630211,Karim Mane,PG-SG,31.0,36.0,11.52,2.64,3.04,
1630230,Naji Marshall,SF,28.5,35.0,11.77,2.9,3.37,
1630231,Kenyon Martin Jr.,SF-PF,31.5,38.5,11.93,2.58,3.16,
1630219,Skylar Mays,SG,29.0,37.5,10.65,2.4,3.3,
1630192,Zeke Nnaji,PF-C,33.0,38.0,10.94,2.72,3.2,
1629670,Jordan Nwora,SF-PF,29.0,35.0,11.29,2.66,3.43,
1629617,Reggie Perry,PF-C,30.0,33.5,11.26,2.57,3.25,
1629619,Myles Powell,PG-SG,,,,,,
1630193,Immanuel Quickley,SG,29.5,35.5,11.21,2.46,3.17,
1630186,Jahmi'us Ramsey,SG,,,,,,
1630194,Paul Reed Jr.,PF,26.5,37.5,12.29,2.67,3.45,
1630208,Nick Richards,C,30.0,34.0,11.42,2.92,3.25,
1630203,Grant Riller,PG-SG,32.5,39.5,11.17,2.45,3.07,
1630206,Jayden Scrubb,SG-SF,,,,,,
1630188,Jalen Smith,PF-C,,,,,,
1630199,Cassius Stanley,SG,34.5,44.0,11.4,2.43,3.09,
1630205,Lamar Stevens,SF-PF,35.0,41.0,10.35,2.54,3.2,
1630191,Isaiah Stewart,C,,,,,,
1630179,Tyrell Terry,PG,30.0,34.0,10.78,2.59,3.28,
1629681,Killian Tillie,PF,27.5,32.0,11.6,2.62,3.4,
1630214,Xavier Tillman Sr.,PF-C,26.0,32.5,11.8,3.01,3.49,
1629700,Kaleb Wesson,C,21.5,27.0,11.73,2.64,3.6,
1630232,Kahlil Whitney,SF,29.0,39.0,11.17,2.61,3.28,
1630216,Cassius Winston,PG,24.0,28.0,11.15,2.74,3.61,
1630218,Robert Woodard II,SF,32.0,38.0,11.1,2.49,3.18,
1630546,Max Abmas,PG,28.5,32.5,10.9,3.49,3.12,
1630534,Ochai Agbaji,SG,32.0,41.5,10.88,3.1,3.13,
1630542,Marcus Bagley,SF,32.5,38.5,12.26,3.1,3.17,
1630567,Scottie Barnes,SF,36.0,39.5,10.88,2.99,3.15,
1629646,Charles Bassey,C,33.0,36.0,12.19,3.33,3.13,
1630527,Brandon Boston Jr.,SF,,,,,,
1630547,James Bouknight,SG,,,,,,
1630535,Greg Brown III,PF,33.5,39.0,10.98,2.98,3.19,
1630215,Jared Butler,PG,,,,,,
1630577,Julian Champagnie,SF,26.0,32.0,12.38,3.2,3.2,
1630551,Justin Champagnie,PF,27.0,35.0,11.94,3.14,3.34,
1630528,Josh Christopher,SG,29.5,37.5,11.32,3.3,3.14,
1630536,Sharife Cooper,PG,,,,,,
1630595,Cade Cunningham,PG,,,,,,
1630245,Ayo Dosunmu,SG,27.0,33.5,11.51,3.27,3.23,
1630561,David Duke Jr.,SG,30.0,39.0,11.21,3.19,3.08,
1630556,Kessler Edwards,PF,28.0,37.0,11.3,3.38,3.25,
1630568,Luka Garza,C,24.0,29.5,11.9,3.38,3.51,
1630564,RaiQuan Gray,PF,26.5,31.5,11.69,3.3,3.25,
1630224,Jalen Green,SG,,,,,,
1629656,Quentin Grimes,SG,30.5,38.5,11.09,3.33,3.07,
1630573,Sam Hauser,SF,28.5,34.5,11.14,3.07,3.34,
1630565,Aaron Henry,SF,29.0,35.0,11.68,3.18,3.07,
1630574,Ariel Hukporti,C,24.5,31.0,12.2,3.53,3.12,
1630562,Matt Hurt,PF,25.5,32.5,11.44,3.25,3.34,
1630538,Nah'Shon Hyland,SG,26.5,34.0,10.53,3.17,3.1,
1630543,Isaiah Jackson,C,,,,,,
1630525,David Johnson,SG,33.0,39.0,12.02,3.2,3.03,
1630552,Jalen Johnson,PF,,,,,,
1630553,Keon Johnson,SG,41.5,48.0,11.45,3.2,3.0,
1630637,Carlik Jones,PG,31.5,36.0,10.96,3.23,3.16,
1630539,Kai Jones,PF,,,,,,
1630529,Herbert Jones,SF,28.5,36.5,11.02,3.17,3.25,
1630548,Johnny Juzang,SG,31.0,36.5,11.13,3.08,3.13,
1630557,Corey Kispert,SF,30.0,37.5,10.91,2.99,3.12,
1630228,Jonathan Kuminga,SF,,,,,,
1630639,AJ Lawson,SG-SF,33.0,41.0,11.0,3.01,2.98,
1630575,Scottie Lewis,SF,34.0,42.0,10.45,3.03,2.98,
1630587,Isaiah Livers,SF,,,,,,
1630588,Makur Maker,C,25.5,31.0,11.87,3.28,3.34,
1630572,Sandro Mamukelashvili,C,30.5,36.5,11.63,3.3,3.21,
1630544,Tre Mann,PG,,,,,,
1630571,Matthew Mayer,PF,,,,,,
1630540,Miles McBride,PG,31.0,38.5,11.08,3.13,3.1,
1630558,Davion Mitchell,PG,,,,,,
1630596,Evan Mobley,PF,,,,,,
1630600,Isaiah Mobley,PF,26.5,32.0,12.7,3.5,3.3,
1630541,Moses Moody,SG,,,,,,
1630530,Trey Murphy III,SF,34.0,38.0,11.65,3.32,3.14,
1630227,Daishen Nix,PG,29.5,36.5,11.72,3.18,3.0,
1630566,John Petty Jr.,SG,27.5,34.0,11.51,3.17,3.35,
1630582,Yves Pons,PF,36.0,42.5,10.89,3.05,3.1,
1630554,Jason Preston,PG,30.5,38.5,10.82,3.08,3.13,
1630563,Joshua Primo,SG,30.5,37.5,10.97,3.36,3.22,
1630576,Roko Prkacin,PF,,,,,,
1629674,Neemias Queta,C,27.0,33.0,11.85,3.5,3.29,
1630559,Austin Reaves,SG,25.0,35.0,10.94,3.19,3.07,
1630526,Jeremiah Robinson-Earl,PF,27.0,32.0,11.64,3.15,3.29,
1630545,Terrence Shannon Jr.,SF,32.5,39.5,11.51,3.12,3.21,
1630549,Day'Ron Sharpe,C,,,,,,
1630579,Jericho Sims,C,37.0,44.5,11.59,3.38,3.05,
1630531,Jaden Springer,SG,34.5,41.5,11.46,3.1,3.13,
1630569,DJ Steward,PG,34.5,38.5,11.14,3.1,3.08,
1630560,Cam Thomas,SG,,,,,,
1630550,JT Thor,PF,31.5,35.0,12.19,3.08,3.06,
1630225,Isaiah Todd,PF,28.5,35.5,11.38,3.25,3.31,
1630613,Duane Washington Jr.,SG,29.5,35.5,11.5,3.06,3.17,
1630570,Trendon Watford,PF,28.0,35.0,11.69,3.23,3.27,
1630580,Joe Wieskamp,SF,30.0,42.0,10.7,3.18,3.04,
1630598,Aaron Wiggins,SG-SF,29.5,36.0,11.2,3.0,3.04,
1630533,Ziaire Williams,SF,34.0,39.5,10.69,3.04,3.12,
1630589,Moses Wright,PF,31.5,38.0,11.2,3.42,3.15,
1630593,McKinley Wright IV,PG,31.5,38.0,10.76,3.12,3.08,
1630681,Marcus Zegarowski,PG,30.0,35.5,11.47,3.26,3.11,
1630534,Ochai Agbaji,SG,32.0,39.0,10.77,3.11,3.13,
1631116,Patrick Baldwin Jr.,SF,23.5,26.5,12.25,3.3,3.45,
1631094,Paolo Banchero,PF,,,,,,
1631230,Dominick Barlow,PF,28.5,34.0,11.29,3.19,3.33,
1630699,MarJon Beauchamp,SG,,,,,,
1630656,Hugo Besson,SG,24.5,31.5,11.36,3.25,3.4,
1631103,Malaki Branham,SG,29.0,35.0,11.38,3.09,3.17,
1631128,Christian Braun,SG,33.5,40.0,11.0,3.13,3.16,
1631112,Kendall Brown,SF,31.5,41.0,11.57,3.05,3.29,
1631219,John Butler Jr.,PF,26.5,28.5,11.16,3.04,3.33,
1630577,Julian Champagnie,SF,28.5,34.5,11.39,3.04,3.14,
1631113,Kennedy Chandler,PG,31.0,41.5,10.73,2.89,,
1631108,Max Christie,SG,32.0,37.5,10.82,3.02,3.07,
1630594,Kofi Cockburn,C,29.5,32.5,12.11,3.31,3.33,
1630700,Dyson Daniels,SG,29.0,34.0,10.81,2.81,3.22,
1631098,Johnny Davis,PG,,,,,,
1631120,JD Davison,PG,30.0,37.0,11.38,3.23,3.26,
1630620,Darius Days,SF-PF,,,,,,
1631217,Moussa Diabate,C,29.0,36.5,11.16,2.9,3.26,
1631172,Ousmane Dieng,SF,,,,,,
1631215,Khalifa Diop,C,,,,,,
1631105,Jalen Duren,C,,,,,,
1631106,Tari Eason,PF,,,,,,
1631165,Keon Ellis,SG,28.0,35.5,10.87,3.02,3.18,
1630701,Michael Foster Jr.,C,28.0,32.5,11.49,3.1,3.22,
1631221,Collin Gillespie,PG,26.5,33.0,10.95,3.01,3.21,
1631100,AJ Griffin,SF,,,,,,
1630702,Jaden Hardy,SG,,,,,,
1631199,Ron Harper Jr.,SF,26.0,30.5,11.41,3.24,3.4,
1631096,Chet Holmgren,PF,,,,,,
1631127,Harrison Ingram,SF,29.5,35.0,11.83,3.26,3.31,
1631093,Jaden Ivey,PG,,,,,,
1631218,Trayce Jackson-Davis,C,,,,,,
1631107,Nikola Jovic,SF,,,,,,
1630548,Johnny Juzang,SG,27.5,32.5,11.03,3.17,3.29,
1631130,Ismael Kamagate,PF,,,,,,
1631211,Trevor Keels,SG,24.5,31.0,11.33,3.32,3.27,
1631117,Walker Kessler,C,,,,,,
1631132,Christian Koloko,C,28.0,33.5,11.3,3.19,3.27,
1631222,Jake LaRavia,PF,27.5,34.0,10.58,2.89,3.37,
1631171,Justin Lewis,PF,32.5,35.0,11.49,3.02,3.23,
1630604,E.J. Liddell,PF,35.5,38.0,11.11,3.23,3.26,
1631254,Kenneth Lofton Jr.,PF-C,,,,,,
1631213,Tyrese Martin,SG-SF,,,,,,
1631097,Bennedict Mathurin,SG,,,,,,
1630571,Matthew Mayer,SF,25.5,31.5,10.74,,3.39,
1631121,Bryce McGowens,SG,29.5,34.0,11.12,3.16,3.27,
1631159,Leonard Miller,SF,30.0,36.5,11.11,3.02,3.36,
1631125,Josh Minnott,PF,,,,,,
1631198,Aminu Mohammed,SG-SF,29.5,36.0,11.54,3.04,3.33,
1631129,Iverson Molinar,PG,31.0,38.0,11.23,3.1,3.19,
1631168,Jean Montero,PG,29.5,37.0,11.19,3.17,3.17,
1631111,Wendell Moore,SG,32.5,38.5,10.94,3.21,3.3,
1631099,Keegan Murray,PF,,,,,,
1629614,Andrew Nembhard,PG,26.5,35.0,10.46,3.02,3.26,
1630590,Scotty Pippen Jr.,PG,30.5,37.5,11.07,3.1,3.21,
1630629,Gabriele Procida,SG-SF,29.5,35.0,11.02,3.14,3.07,
1631197,Jared Rhoden,SG-SF,,,,,,
1631115,Orlando Robinson,C,23.0,27.5,11.4,3.23,3.55,
1631223,David Roddy,PF,27.0,35.5,10.75,3.1,3.22,
1631157,Ryan Rollins,SG,30.5,36.5,11.26,3.28,3.07,
1631204,Marcus Sasser,PG,,,,,,
1631220,Dereon Seabron,SG,30.5,38.0,11.03,3.04,3.12,
1631101,Shaedon Sharpe,SG,,,,,,
1631173,Terquavion Smith,SG,30.5,38.5,10.63,3.03,3.14,
1631095,Jabari Smith,PF,,,,,,
1631110,Jeremy Sochan,PF,,,,,,
1631164,Matteo Spagnolo,PG,25.5,31.5,11.42,3.16,3.4,
1631124,Julian Strawther,SF,28.5,35.0,10.3,3.37,3.26,
1631207,Dalen Terry,SG,,,,,,
1631166,Drew Timme,C,25.5,31.5,11.71,3.31,3.38,
1631133,Jabari Walker,PF,29.5,32.5,11.53,3.12,3.24,
1631102,TyTy Washington Jr.,SG,,,,,,
1631212,Peyton Watson,SF,28.0,33.5,11.03,3.24,3.28,
1631104,Blake Wesley,SG,30.0,36.0,11.55,3.25,3.21,
1631214,Alondes Williams,SG,30.0,35.5,10.96,3.11,3.15,
1631114,Jalen Williams,SG,33.5,39.0,11.13,3.17,3.11,
1631119,Jaylin Williams,C,24.5,30.0,11.64,3.1,3.5,
1630652,Trevion Williams,C,27.5,30.0,12.75,3.46,3.48,
1631258,Bryson Williams,PF-C,,,,,,
1631109,Mark Williams,C,,,,,,
1630592,Jalen Wilson,SF-PF,,,,,,
1630855,Fanbo Zeng,SF-PF,,,,,,
1641725,Trey Alexander,SG,29.5,34.0,11.6,,3.35,
1641735,Amari Bailey,SG,28.5,35.0,11.34,,3.19,
1641734,Emoni Bates,SF,27.0,32.5,11.54,,3.49,
1641736,Reece Beekman,PG,30.5,38.0,10.99,3.33,3.14,
1641710,Anthony Black,PG,32.0,39.0,11.04,,3.35,
1641737,Adem Bona,C,,,,,,
1641738,Kobe Brown,PF,28.5,32.0,11.39,3.23,3.33,
1641723,Kobe Bufkin,SG,28.5,36.0,11.71,,3.26,
1641739,Toumani Camara,PF,28.5,33.0,10.7,3.18,3.41,
1631321,Sidy Cissoko,SF,30.5,35.5,11.24,,3.31,
1641740,Jaylen Clark,SG,,,,,,
1641730,Noah Clowney,PF,,,,,,
1641731,Bilal Coulibaly,SG-SF,,,,,,
1641741,Ricky Council IV,SF,30.5,37.0,11.2,3.12,3.33,
1641711,Gradey Dick,SG,29.0,34.0,11.13,2.97,3.5,
1641743,Nikola Djurisic,SF,,,,,,
1641744,Zach Edey,C,26.0,29.5,11.37,,3.45,
1641745,Adam Flagler,PG,31.0,36.0,10.96,,3.24,
1641718,Keyonte George,SG,,,,,,
1631243,Mouhamed Gueye,C,,,,,,
1641746,Coleman Hawkins,PF,26.5,32.5,12.14,,3.37,
1641722,Jordan Hawkins,SG,,,,,,
1630703,Scoot Henderson,PG,,,,,,
1641707,Taylor Hendricks,PF,32.5,36.0,11.27,,3.32,
1641747,DaRon Holmes II,C,29.5,35.0,11.48,,3.2,
1641720,Jalen Hood-Schifino,PG,,,,,,
1641724,Jett Howard,SF,,,,,,
1641713,GG Jackson,PF,31.0,37.0,11.39,,3.21,
1641748,Andre Jackson Jr.,SF,30.5,39.5,10.83,,3.14,
1631218,Trayce Jackson-Davis,C,33.0,36.5,11.8,3.16,3.2,
1631170,Jaime Jaquez Jr.,SF,34.5,39.0,11.21,,3.33,
1641749,Keyontae Johnson,SF,,,,,,
1641732,Colby Jones,SG,30.5,35.0,11.14,3.09,3.33,
1641750,Ryan Kalkbrenner,C,28.0,30.5,12.27,,3.39,
1641751,Arthur Kaluma,PF,32.5,34.5,11.35,3.25,3.44,
1631340,Mojave King,SG,33.5,42.0,11.07,,3.18,
1641752,Bobi Klintman,PF,,,,,,
1641721,Maxwell Lewis,SG,32.5,36.5,11.4,,3.43,
1641726,Dereck Lively Jr.,C,,,,,,
1641753,Chris Livingston,SF,30.5,37.0,11.65,,3.27,
1641754,Seth Lundy,SF,31.5,35.5,11.02,,3.15,
1631256,Kevin McCullar,SF,,,,,,
1641756,Mike Miles Jr.,PG,33.0,37.0,11.01,3.25,3.11,
1641706,Brandon Miller,SF,,,,,,
1641757,Jordan Miller,SF,32.0,36.5,11.43,3.21,3.17,
1631159,Leonard Miller,PF,32.0,37.5,11.0,,3.33,
1641758,Judah Mintz,PG,28.5,37.0,10.32,3.08,3.24,
1641759,Dillon Mitchell,PF,30.5,37.0,10.92,,3.24,
1641760,Omari Moore,SG,23.0,29.5,10.8,,3.22,
1631200,Kris Murray,PF,29.5,35.0,11.05,,3.24,
1641761,Grant Nelson,PF,32.0,35.5,9.99,,3.21,
1641762,James Nnaji,C,,,,,,
1641763,Julian Phillips,SF,36.0,43.0,11.09,,3.32,
1629618,Jalen Pickett,PG,28.5,33.0,11.91,3.33,3.35,
1641764,Brandin Podziemski,SG,31.5,39.0,11.16,3.09,3.21,
1641765,Olivier-Maxence Prosper,PF,35.0,40.5,10.59,3.0,3.21,
1641712,Rayan Rupert,SF,27.5,32.5,11.18,,3.43,
1641766,Adama Sanogo,C,28.5,31.0,11.5,,3.31,
1631204,Marcus Sasser,PG,27.0,35.0,10.68,,3.43,
1641729,Brice Sensabaugh,SF,,,,,,
1630545,Terrence Shannon Jr.,SF,32.0,37.5,10.36,,3.06,
1641767,Ben Sheppard,SG,29.5,35.5,10.88,2.94,3.17,
1641771,Jalen Slawson,PF,29.0,33.0,11.26,,3.29,
1631173,Terquavion Smith,SG,30.0,37.0,10.86,,3.21,
1641733,Nick Smith Jr.,SG,,,,,,
1631124,Julian Strawther,SF,27.5,34.5,10.94,3.46,3.31,
1641708,Amen Thompson,SG,,,,,,
1641709,Ausar Thompson,SG,,,,,,
1631166,Drew Timme,C,26.0,30.5,10.93,,3.34,
1641772,Nae'Qwan Tomlin,PF,,,,,,
1631131,Oscar Tshiebwe,C,29.5,32.5,12.26,,3.32,
1641773,Azuolas Tubelis,PF,23.5,30.5,11.17,,3.5,
1641774,Tristan Vukcevic,C,26.0,30.5,11.71,3.24,3.43,
1641716,Jarace Walker,PF,34.5,38.0,10.89,,3.2,
1641717,Cason Wallace,PG,28.0,36.0,10.82,,3.34,
1641775,Jordan Walsh,SF,33.0,36.0,10.83,,3.3,
1641705,Victor Wembanyama,C,,,,,,
1641727,Dariq Whitehead,SG,,,,,,
1641715,Cam Whitmore,SF,31.5,40.5,10.82,3.26,3.2,
1630592,Jalen Wilson,SF,31.5,35.0,11.26,3.09,3.2,
1631209,Isaiah Wong,SG,32.5,37.0,10.93,,3.22,
